{
	"social_account": {
		"x": 30.66666666666663,
		"y": 437.6666666666667
	},
	"user_role": {
		"x": 445,
		"y": 0
	},
	"user_permission": {
		"x": 56.66666666666666,
		"y": 103.33333333333333
	},
	"user": {
		"x": 0,
		"y": 0
	},
	"profile": {
		"x": 311.3333333333333,
		"y": 560.6666666666667
	},
	"locomotives": {
		"x": 675,
		"y": 0
	},
	"triton": {
		"x": 928,
		"y": 0
	},
	"rear_details": {
		"x": 1192.3333333333333,
		"y": 635.6666666666666
	},
	"rear": {
		"x": 928,
		"y": 349.3333333333333
	},
	"triton_details": {
		"x": 1178.6666666666665,
		"y": 0
	},
	"deleted_users": {
		"x": 1441,
		"y": 0
	},
	"audit": {
		"x": 1669,
		"y": 0
	},
	"support": {
		"x": 556.6666666666667,
		"y": 536.6666666666666
	}
}